form, semantic bucket,status,notes,meaning
huns, body, good,,
miñx, water, good,,
tyo, verb, good,,
'owx, body, good,,
wahi, time, good,,
dye, function, good,,
tþi, plant, good,,
la, function, good, ,
xyi, function, good,,
ŋank, person, good, ,
swis, animal, good,,
comx, animal, good, ,
murek, time, good, ,
pri, function, good, ,
xaŋt
þaþet
dla
tsiws
bro
xyu
lewx
runx
mimt
tro
de
kxo
dalk
twe
ñalot
ñoye
ri
josus
xrit
wa
pyis
yit
huñs
kles
xros
þone
tþoñk
kars
tlek
pwe
rañx
bra
jowx
soŋp
nurx
tre
noʃu
xyik
slek
þerp
rokxe
pukxax
puwt
trax
remt
nuŋp
tsuwt
gyat
syu
ʃuŋs
tþobo
ñews
pla
bwu
nolx
twa
ŋiñp
ŋop
ñikxet
jolk
tþuxi
ʃup
tlut
ret
ñunt
kxes
rark
pwi
syo
xro
noñat
rot
tsuk
ŋirk
xrep
pyis
reñs
xrut
blit
sli
kuk
ñes
þimt
kyuk
xrat
gutses
narx
slek
ʃers
toms
puwa
hos
garp
kxoko
kax
tþint
tsoþep
tsatep
tyek
weñp
slu
nap
rañs
bwa
hagis
hono
tþitsot
pyo
kxaws
ge
dli
hawi
slos
'ewk
tli
hoŋk
niñs
tþanp
gwos
trax
gri
xa
pwut
hiŋi
'a
ŋink
mims
nex
kxinux
ʃowk
ŋiwx
tsi
yowt
ha
nump
gitsa
xyup
tsip
niŋs
tsik
swi
kxiwp
xrix
sorat
ñutþe
kyux
sli
tumk
suŋk
dyot
cekxe
kle
hax
tsimp
xux
nilx
xyu
haxe
'ami
solp
xrek
tsiwi
ñañit
kos
blos
ye
swuk
kxoŋx
ŋins
bok
ʃirk
ñatþu
tþak
tþoŋs
hat
xixis
kamt
ʃilx
nart
ñop
kehi
bruk
bwo
gak
tsañs
ŋuwk
towk
liñs
kxols
tsump
hus
yirx
rons
liŋx
ne
swop
wiño
ñolet
miwt
tsa
ñons
sye
jo'o
kxi
swis
plep
ʃot
pyi
ñuxek
ŋoñt
kxiŋs
tsomp
ŋedex
bokxe
joŋe
xwi
kxaxi
culs
perp
tseru
trok
kxuʃik
tlek
hukxit
kxirs
tsalt
kxuxux
moŋp
sye
tlat
nas
ŋanep
nemt
tes
bya
binx
xyot
xru
tlu
bra
ñet
tle
bumos
gyip
dyi
tþonk
juŋu
swo
twos
krox
prip
ʃeños
ñunx
ʃanp
ŋuñis
kohe
puda
ya
tþo
kiŋk
pyuk
kxuŋs
gru
nax
tyux
pyis
gro
gas
'aŋp
ñuñs
tsunt
henp
glak
syot
kri
ruñt
kxoñp
xro
sya
þumx
kxamx
xrap
tþeŋe
rumx
ŋut
ŋoja
dwix
miyap
hirux
tli
pyos
ro
tri
xo
bwup
rimk
doñp
tsirx
hop
glop
kilp
tse'u
cali
cerk
ʃet
yet
kxas
li
drut
nole
klep
pyu
yiwk
yuk
deŋp
gu
drap
kes
þams
si
þuk
xatþa
ŋetsu
dli
drot
gles
kxos
tsant
meñp
simp
has
gwas
tik
te
cacek
bwi
bens
tayip
pyox
bya
gye
lils
tomt
tatsax
jawk
morx
tri
nax
tþi
xre
bwos
þimus
riwx
suña
kxilx
kxawx
nok
ʃoñep
þuŋus
kyu
darp
mut
simp
xums
ŋetþe
drot
dyu
kulp
þimk
ŋewt
swu
sak
syes
kxuñs
juls
goñi
xa
tseñt
plu
swi
trip
ñu
sye
ño
duŋp
ri
nadi
sit
trip
ñolos
tþaŋs
ño
'erk
sirt
gyo
gwit
kli
yi
'e
york
bapi
kxins
druk
gyek
pasek
ruyox
pe
ʃerx
slu
swe
kocax
mut
dint
lanp
'igak
xya
pwo
ñitþup
kyak
hulk
niwt
yotus
bunx
capot
ñulx
woŋt
blo
gerk
xwak
ris
pant
gra
soñk
þa
coms
xows
ñuru
det
hut
wont
tþañp
krot
dlop
xwap
me
nuñx
xuya
kxu
tya
kxank
remu
wok
pras
lars
slet
bilux
lu
pyi
gems
ñutsop
tþu
but
na
'enx
tþins
keŋt
kya
halx
pri
ŋomp
twis
jewep
ñe
sini
dlos
ri
tþols
ʃa
lowx
tlis
ʃi
his
pat
he
bras
bru
syu
sya
xo
witut
dwak
bwip
wonk
tlet
ñep
rukxe
kxint
swit
xrak
nuwp
klup
lo
ple
sa
drap
xert
tla
nowk
tþoŋx
lurk
yawk
tþuxep
byu
kxuñx
glax
wa
kyek
tsiñk
nasox
slu
bwax
yeyu
lus
ramp
tsu
huls
tlik
monk
tsakxa
swo
rañp
titsa
tyuk
nunut
yewx
kxowp
tþi
ʃuŋt
lup
'anx
soŋk
duŋp
twu
no
yuk
ñuʃi
ñet
kxaŋp
ŋotþe
ñu
plup
ñerx
lalt
xors
tsañk
drot
ŋux
dyap
gri
blas
doŋx
kxurp
heñx
tsols
tyik
rank
pyo
slus
pamt
dadi
glas
kwo
truk
tlu
tþuwx
ma'i
pye
swo
tþenk
bli
panus
bya
xro
plo
slo
tþims
pik
hax
tsirx
ʃelx
relx
woñot
sop
ñirs
xex
sopa
xyis
slo
kxuwp
ta
pret
xri
lans
pelp
tso
nolx
keñe
þens
syos
siñk
bwik
sonp
prap
swa
ratþut
dro
xwa
prex
kxuŋs
tsals
dye
nitsop
yewk
tlit
naþat
tens
maŋp
slap
tþex
tre
tsusi
xru
xwi
tlas
wiyop
ʃi
hup
wos
ñalk
klo
wu
kxuku
tlo
dyat
bre
poms
ʃase
nant
dra
riŋp
xwi
xris
las
þunt
rewp
lo
dwi
tþimk
gans
þoñk
sawt
ralk
tsoñx
tþa
kuk
luwis
tþutþap
tsitþa
ŋiŋt
ŋetþi
ŋuk
syi
ro
sutsa
dro
ke
kxokxop
yaŋt
laxo
ʃuge
mert
bwi
tsuñp
twuk
leñx
xri
wotsup
'alk
syot
tsañs
puñk
rims
wi
cuns
xras
dye
grap
tut
ŋenx
tþelt
kuwx
buñp
sye
liŋk
kyu
gye
xu
lemt
bye
bwo
ñiluk
pru
xwix
gwu
pwa
bri
le
weñt
ro
ŋoŋk
xirp
tsa
þube
lagu
ʃikxe
garx
tþu
ʃamus
dwa
xowp
cat
bluk
xrax
xyut
ño
xre
tyi
ŋik
yilk
glak
ñis
kxikis
kxiŋt
ruñt
jat
dyes
bwus
curep
kli
tþat
ŋoŋk
welo
lilk
dya
xrit
klit
nilt
yowet
nulk
bli
soñk
gro
kru
tlap
xyos
þomt
ka
kxuni
dlu
ŋeñt
selt
tokxas
reñx
ʃinx
þeñas
coñk
ñawx
lado
glok
ma
nesu
bwex
gwat
swu
ŋomox
ŋap
pya
syu
pyop
ʃowus
nox
tri
bris
slup
getþap
nuns
yort
ma
tsikxit
lint
tþo
ñetþut
dlo
hux
ʃatso
kla
xre
ŋimis
ŋuñp
nelk
kxoŋt
tlup
nuk
kya
tþemk
tsekex
slas
gyas
ñons
kruk
klat
kxugit
xres
kras
tsonp
tsink
tsimp
kxiwk
ŋolx
þitþa
lemp
gwap
'uns
tsuñe
muwx
ʃoto
tsu
hoŋs
bwe
bulx
'etses
pwak
yahe
xrut
tex
lunt
brok
go
kri
'umx
tles
woyop
tþañp
slot
rep
hi'i
pyi
ñewe
kxewt
yolp
swi
pwap
kwi
ba
ŋumt
ñis
tsiwx
tlep
plap
gluk
tors
sla
ʃeñk
ñiñt
corp
twex
'ins
xrox
wut
ñunx
ñap
buwx
krup
pwi
bwa
tþe
suwt
gyo
le
rotsa
dimx
twa
nukxi
pwap
kwek
rolip
kxuñep
xya
ŋiŋt
xu
datso
liwx
tsetsa
ʃila
wotsex
suk
pruk
woru
drap
trot
tþit
ba
twe
twis
gwak
worx
yamt
kxatsa
þa
ʃowp
tyes
xwa
pra
tþaŋa
kxaŋx
xwu
domt
kyu
ʃeŋx
xwo
ñikxot
gyi
ŋaŋp
he
slux
yarat
xyup
ʃonp
kxip
blok
yukxa
ñelk
ñulup
tyo
tsi'i
ʃore
kwap
yirx
jes
gyik
hiŋx
bwa
yiŋak
tye
pwi
klup
tþowt
truk
pla
nis
sowk
tsetþax
þart
nos
rux
muŋt
kxowt
dra
ñirk
dorx
tsilp
xyi
remp
krep
yayo
xwo
ʃap
kxi
ginp
kxene
ra
wox